altura,nombre,peso,imc,clasificacion
1.81,adriana londoño,84.2,25.701291169378226,Sobrepeso
1.78,camila rojas,82.2,25.943693978033078,Sobrepeso
1.58,camilo trujillo,75.4,30.203493029963145,Obesidad
1.57,daniel gomez,63.6,25.80226378352063,Sobrepeso
1.79,david ramirez,108.4,33.831653194344746,Obesidad
1.87,felipe ospina,90.1,25.765678172095278,Sobrepeso
1.54,jorge martinez,84.3,35.54562320796087,Obesidad
1.68,julian morales,71.8,25.43934240362812,Sobrepeso
1.81,lucia mendez,85.2,26.00653215713806,Sobrepeso
1.62,maria jose,79.8,30.406950160036573,Obesidad
1.65,martina velez,82.9,30.449954086317728,Obesidad
1.61,mateo rodriguez,67.6,26.079240770032015,Sobrepeso
1.54,pablo cardenas,67.1,28.29313543599258,Sobrepeso
1.61,santiago giraldo,80.7,31.13305813818911,Obesidad
1.75,sebastian franco,77.1,25.175510204081633,Sobrepeso
1.68,sebastian velez,74.4,26.36054421768708,Sobrepeso
